prod_id,title,description,material,dimensions,weight,hs_code,supplier_id,cat_id,status,created_at
20260920195319,water meter,w123,i wanter,i123,zc,adsalkdjioldjaslk,water ,12x12,100\,abc ,,domastic,Draft,2026-09-20 19:53
20260920195319,water meter,w123,i wanter,i123,zc,adsalkdjioldjaslk,water ,12x12,100\,abc ,,domastic,Draft,2026-09-20 19:53
20260920195319,water meter,w123,i wanter,i123,zc,adsalkdjioldjaslk,water ,12x12,100\,abc ,,domastic,Draft,2026-09-20 19:53
20260920195319,water meter,w123,i wanter,i123,zc,adsalkdjioldjaslk,water ,12x12,100\,abc ,,domastic,Draft,2026-09-20 19:53
20260920195319,water meter,w123,i wanter,i123,zc,adsalkdjioldjaslk,water ,12x12,100\,abc ,,domastic,Draft,2026-09-20 19:53
20260920201949,lSKADJ,SKLADJadlskfj,alkdsfj,alskdjf,,,,,,,,domastic,Draft,2026-09-20 20:19
20260920201949,lSKADJ,SKLADJadlskfj,alkdsfj,alskdjf,,,,,,,,domastic,Draft,2026-09-20 20:20
20260920201949,lSKADJ,SKLADJadlskfj,alkdsfj,alskdjf,,,,,,,,domastic,Draft,2026-09-20 20:20
20260920201949,lSKADJ,SKLADJadlskfj,alkdsfj,alskdjf,,,,,,,,domastic,Draft,2026-09-20 20:20
